[
    {
        "value": "Buttons: FAB",
        "title": "components: fab",
        "url": "components_fab.html",
        "text": "Lorem ipsum dolor sit amet, consectetur ..."
    },
    {
        "value": "Grid",
        "title": "components: grid",
        "url": "components_grid.html",
        "text": "Ut enim ad minim veniam, quis nostrud ..."
    },
    {
        "value": "Sortable",
        "title": "components: sortable",
        "url": "components_sortable.html",
        "text": "Duis aute irure dolor in reprehenderit ..."
    },
    {
        "value": "Calendar",
        "title": "plugins: calendar",
        "url": "plugins_calendar.html",
        "text": "Excepteur sint occaecat cupidatat non ..."
    },
    {
        "value": "Charts",
        "title": "plugins: charts",
        "url": "plugins_charts.html",
        "text": "Excepteur sint occaecat cupidatat non ..."
    },
    {
        "value": "Tree",
        "title": "plugins: tree",
        "url": "plugins_tree.html",
        "text": "Excepteur sint occaecat cupidatat non ..."
    }
]